,A0,A1,A2,A3,A4,A5,A6,A7,A8,A9,A10,A11,Class
0,2.022301871764238,45.62158808933002,0.9573874950219037,4.532258064516129,0.6206176409227889,0.33328584543717843,0.04893593636030141,0.03055411885356655,0.2212146838713502,0.1747973651219221,0.9911752480789898,0.7981280310616363,0.0
1,1.6391875746714457,38.144334160463195,0.8028673835125448,3.8374689826302726,0.676785832687161,0.41544080303688447,0.09027867982232218,0.06409161780169544,0.30046410737777346,0.2531632236358501,0.9904050455290114,0.7724053029196212,0.0
2,2.413779370768619,50.60132340777503,1.1003584229390684,5.039702233250619,0.5719998215507387,0.2781338672015569,0.02363015713734914,0.014129878543950427,0.15372103674302076,0.11886916565682804,0.9918112943867675,0.8260570797099381,0.0
3,3.519713261648745,64.31720430107528,1.4384707287933096,6.269230769230768,0.46798406251315494,0.15579107752310248,0.003282173331804416,0.0009975671846319412,0.05729025512078312,0.03158428698945001,0.9912676318924107,0.8385772322071675,0.0
4,3.4181600955794504,64.01612903225806,1.4165671047391477,6.2535153019024,0.4734555447537351,0.15318712544673735,0.0034051685923236043,0.001025702598583412,0.05835382243112789,0.03202659205384507,0.99147137847893,0.8384733173950447,0.0
5,3.4583831142970936,64.10421836228285,1.4217443249701307,6.266335814722912,0.4735056303572678,0.1537733706022446,0.003387246652364006,0.0010063755361121888,0.058200057150865465,0.03172342251574046,0.9913836357144832,0.8384670212451973,0.0
6,3.472720031859817,69.30438378825478,1.4090003982477106,6.507857733664182,0.47839287465845454,0.15273625514528816,0.0036420395421436005,0.0010270708861919936,0.06034931268990228,0.03204794667669044,0.9908023431296271,0.8141360827390693,0.0
7,4.36121067303863,89.79569892473116,1.6085225009956186,7.225806451612902,0.438613882699904,0.1411835957817784,0.0025663266414712753,0.0007633334496377804,0.05065892459844835,0.02762848981826152,0.9934587305216928,0.8609526167356295,0.0
8,9.333731581043407,58.79073614557485,2.1851851851851856,5.733664185277087,0.3671912616745587,0.20031558083328954,0.002224858174807431,0.0010102238450113259,0.047168402292291293,0.031784018704552226,0.9821162382851555,0.8876799510473327,0.0
9,10.077260055754682,55.942928039702224,2.3130227001194745,5.325062034739455,0.34530821839607534,0.21230776403350715,0.0018327959130364036,0.001002014119359833,0.04281116575189706,0.03165460660567168,0.9890731524379941,0.9392726250324519,0.0
10,4.2226204699322984,54.09429280397023,1.457188371166866,5.261373035566583,0.4837729331053057,0.22690028110682386,0.0038330747340138264,0.001484421019360586,0.061911830323564385,0.0385281847400132,0.988422870032291,0.8527378704396897,0.0
11,8.127041019514138,75.9458229942101,1.965352449223417,6.673697270471465,0.41567825487851856,0.16724031042457074,0.002319701715478577,0.0009083719361474905,0.0481632818179843,0.03013920928205467,0.986235232959756,0.8705694150514051,0.0
12,7.708880923934686,102.12737799834576,2.0298685782556745,7.54673283705542,0.3987098061204909,0.16082303808329096,0.002271011135234359,0.0008412403253514274,0.04765512706135993,0.029004143244568136,0.9867951465837543,0.8260533256124709,0.0
13,5.678215850258861,49.76013234077748,1.7156511350059735,4.9181141439205955,0.4421733708799792,0.23583571451616564,0.0029119187403382108,0.001339895640704093,0.05396219732681584,0.0366045849683355,0.9900553205449686,0.90982980135489,0.0
14,6.072082835523695,49.94044665012406,1.6547192353643974,5.090984284532672,0.4510078912038152,0.22146366009833704,0.002856646208692903,0.0011959688878763561,0.05344760245972594,0.0345827831135141,0.9891929268424097,0.9122668505544068,0.0
15,2.8996415770609323,47.248552522746074,1.2070888092393468,4.662117452440033,0.5369543819399976,0.28313299193579333,0.004707046859211744,0.0022459585915121016,0.06860792125703667,0.04739154556998644,0.9930142369327998,0.8866381755157814,0.0
16,3.80326563122262,38.69561621174527,1.4169653524492238,4.1546732837055425,0.48854048351406665,0.2995715802978427,0.003940685674390706,0.002265884279812079,0.06277488091896874,0.047601305442309866,0.9913391584385285,0.9098924956486665,0.0
17,3.951413779370768,48.45285359801488,1.4448426921545197,4.748966087675765,0.47962264683048583,0.28395276687685767,0.004060271008280413,0.0021705317370890095,0.06372025587111536,0.04658896582978645,0.9905962356699087,0.8822405903300298,0.0
18,9.928713659896456,50.675351530190234,2.0019912385503784,4.84739454094293,0.41718915570037524,0.2540149732194879,0.0030763089241269124,0.0016123559107630186,0.05546448344776062,0.040154151849628436,0.9786027161493702,0.8919824352610095,0.0
19,8.204699322978893,55.187344913151364,2.1385902031063315,5.800248138957815,0.37253634933252094,0.17201776206348968,0.0024531646577440774,0.0010513579912443272,0.04952943223724735,0.032424650981071904,0.9816309279659758,0.8770157711554566,0.0
20,4.58462763839108,41.084367245657546,1.5706889685384315,5.009098428453268,0.4600663263829792,0.1945895247296394,0.003728477217169979,0.0013215947939393068,0.06106125790687561,0.03635374525326526,0.9860639698049726,0.8750133746832925,0.0
21,3.068896853843091,35.672456575682396,1.2943050577459179,4.754342431761787,0.5096202912157619,0.19274474038352613,0.004301979295877114,0.0013851346497628413,0.06558947549628,0.03721739713847331,0.9899207856579124,0.8836794426796856,0.0
22,3.6973317403424937,28.556244830438377,1.4520111509358826,4.307278742762613,0.4689893172261541,0.19878868300974326,0.003907220813050217,0.0015008404706635717,0.06250776602191296,0.0387406823721985,0.987929758377084,0.9063972096077363,0.0
23,5.058542413381122,32.59470636889993,1.5221027479092002,4.389578163771711,0.47640211512729713,0.20596043832993627,0.0038448112256687862,0.0015043467076605631,0.062006541797368336,0.03878590862234071,0.9829741600329926,0.8897337648962096,0.0
24,5.0529669454400645,30.33788254755997,1.6479490242931103,4.289909015715468,0.44897705090716217,0.22130660481198672,0.0035121451277461612,0.0015803721879124103,0.059263354003516885,0.03975389525458367,0.9842877128943167,0.9052312090883933,0.0
25,8.060135404221423,47.43755169561621,1.766228594185584,5.064516129032257,0.4560760025609179,0.19814920341589173,0.0034544142769028546,0.0012879862295535071,0.05877426543056795,0.03588852504009474,0.9831052083281997,0.9015564128333495,0.0
26,8.388291517323774,40.46526054590571,1.4882516925527676,4.337055417700579,0.5139546218756089,0.23136269270639925,0.005284355367644806,0.0019652885958016835,0.07269357170785327,0.04433157560702849,0.9730421485519322,0.8724974602886187,0.0
27,3.6200716845878134,26.91852770885028,1.393070489844683,4.000413564929693,0.4903670687654718,0.2323073735258455,0.005240581425796587,0.0021363245468744544,0.07239186021782136,0.04622039102900855,0.9804129839656439,0.8543195601696894,0.0
28,7.68857029072083,42.40860215053762,1.6168857029072081,4.559139784946236,0.4809741324803582,0.22625717306200496,0.005182533372476118,0.0019846156582729074,0.07198981436617348,0.044549025334713076,0.9762937635279347,0.8659126950545367,0.0
29,4.8888888888888875,56.93093465674112,1.680605336519315,5.519023986765923,0.4248274417384364,0.18194137471626604,0.003641008634092828,0.0014124148839589484,0.06034077091066063,0.0375821085619068,0.9801294460679936,0.765653168194704,0.0
30,3.0461967343687784,34.998345740281216,1.3106332138590204,4.738626964433415,0.49874115544007397,0.18551746691351462,0.004318156622212325,0.0014662056905713353,0.06571268235441562,0.03829106541441927,0.9894443146963764,0.8791724455608145,0.0
31,5.355635205097571,47.34119106699754,1.734767025089606,5.051695616211745,0.41898121830458135,0.2004557261047607,0.0036945365521137493,0.0015932854022184047,0.06078269944740649,0.03991597928422156,0.9785030308932171,0.8123242981104334,0.0
32,4.797690163281561,33.397435897435905,1.5679012345679015,4.351116625310173,0.4682376910352307,0.22346017877155344,0.003910392837821827,0.0016573383658951577,0.06253313391972153,0.04071042085136382,0.9823640728491163,0.875132069786949,0.0
33,2.8849064117881316,32.713813068651774,1.2624452409398652,4.454921422663358,0.513603132617958,0.2039108235745663,0.004520214600163897,0.0015724190161875264,0.06723254122940689,0.0396537389937888,0.9899483640869002,0.8857464946649743,0.0
34,2.4464356829948226,19.44127377998346,1.133811230585424,3.184036393713813,0.5472884817375252,0.31230076782607114,0.005707265570319747,0.0025829849331009975,0.07554644644402374,0.05082307480958819,0.9886474782537029,0.9102613562037998,0.0
35,2.4655515730784554,22.553349875930518,1.1640780565511748,3.488833746898262,0.5350254570004341,0.294081605878997,0.0053588186491583594,0.0023495208598866644,0.07320395241486868,0.04847185636930635,0.9896599416075744,0.9051061944843469,0.0
36,2.6993229788928703,19.626964433416045,1.1835921943448822,3.3416046319272126,0.5359469148756795,0.2819893934705008,0.0052543004329338025,0.002295387981372133,0.07248655346292719,0.0479102074862146,0.9883777259848543,0.9153399865642284,0.0
37,2.6057347670250905,23.15880893300248,1.1425726802070888,3.602150537634408,0.5526855188532953,0.268572000581133,0.006221767988274926,0.0025917932845812464,0.07887818448896328,0.05090965806780916,0.9880621681408577,0.8939337472931943,0.0
38,2.7443249701314207,21.32382133995037,1.1600955794504186,3.4718775847808114,0.5499285293679308,0.2759945169536258,0.006551737865141683,0.0026189024828262796,0.0809428061358246,0.051175213559166315,0.9849148864255624,0.882758236517307,0.0
39,2.2393468737554745,27.689412737799845,1.1210673038630028,3.9673283705541773,0.5404839734884013,0.2667296378415506,0.005414646285138698,0.0021063932554367198,0.07358428014962637,0.04589546007435506,0.9907736819558988,0.8871350713980986,0.0
40,2.402628434886499,30.39826302729528,1.1457586618876938,4.194789081885855,0.5415916661077951,0.2502461881537785,0.006207811079279842,0.0022833299468215025,0.07878966353069318,0.047784201853975784,0.9855029624084776,0.8183605165677469,0.0
41,2.3034647550776586,23.916046319272127,1.112704101951414,3.821753515301902,0.5512857147711638,0.23177479374796156,0.0065909123710710706,0.0023416532061373172,0.08118443429051575,0.04839063138808294,0.9866651249570371,0.8584300260635546,0.0
42,1.8849064117881325,27.134822167080227,1.007168458781362,4.001654259718776,0.5804611257489183,0.25175240664957166,0.006457925232521311,0.00216009854407357,0.08036121721652374,0.046476860307830284,0.9925623082750059,0.8931340039564403,0.0
43,2.6833930704898443,47.43217535153019,1.2106730386300277,4.578577336641852,0.5258567222893599,0.22630848999495648,0.0052355061861620086,0.0018547138534331362,0.07235679778819686,0.04306638890635174,0.9910053927873559,0.8411276992027495,0.0
44,2.2039028275587422,25.361455748552526,1.0784547988849065,3.8899917287014056,0.5613351277614402,0.2458765533714968,0.005991637591094604,0.0020791985392161496,0.07740566898551167,0.04559822956229934,0.9898731723435504,0.8834549202160821,0.0
45,2.4902429311031464,21.65839536807278,1.1162883313420948,3.5425971877584788,0.5596363998181311,0.265803002630983,0.005916539904626732,0.0021438501287216567,0.07691904773608896,0.04630172921956217,0.9888452087049885,0.9025534933284739,0.0
46,3.270011947431302,27.150951199338287,1.36399840700916,4.072373862696443,0.48472584774940963,0.2205680194948072,0.003940051269436384,0.0014599628783571793,0.06276982769959133,0.038209460587100404,0.9942598524777163,0.9522062374517276,0.0
47,2.8239745121465547,58.792390405293645,1.165671047391477,5.652605459057072,0.5500671379134998,0.21430661417615687,0.005386335964052076,0.0018813099438249523,0.07339166140681158,0.043374069947665184,0.989646377171006,0.7782740868712369,0.0
48,2.733572281959378,50.119106699751875,1.1947431302270017,5.554177005789909,0.5375276750275593,0.16919102582932816,0.004812516682867783,0.0013308307352972366,0.0693723048692184,0.03648055283705603,0.9914741079390714,0.8448713531959261,0.0
49,3.1979291119076048,44.52894954507859,1.3277578653922735,5.176592224979318,0.5026668881222188,0.19188384262946018,0.0036532209294635252,0.0012459969035651418,0.06044188059171823,0.03529868132898369,0.9916113237492736,0.8806658974530782,0.0
50,3.190362405416169,22.10215053763441,1.2986857825567504,3.6712158808933006,0.5122690675172124,0.24499783194315555,0.004712280700084901,0.0018320515899159946,0.0686460537837748,0.04280247177343844,0.989315930742178,0.9254215540978439,0.0
51,2.738351254480286,43.143507030603814,1.1883711668657904,4.745657568238212,0.5332462761300711,0.24781770908717296,0.004678181433790089,0.001653575574971556,0.06839723264716263,0.040664180490593387,0.9912140370873462,0.8612847576897343,0.0
52,3.1047391477499002,52.277915632754336,1.2385503783353249,5.214226633581473,0.5255933809410339,0.23941538377768962,0.0045037200713515255,0.0015806287418390196,0.0671097613715883,0.03975712190084966,0.990001344400767,0.8267748881807866,0.0
53,4.033452807646356,46.756823821339964,1.3508562325766633,5.447477253928866,0.5141976570833752,0.1719464896379326,0.003311118057845362,0.0009778980502585723,0.057542315367435135,0.03127136150311611,0.9917683272088729,0.9050821007014037,0.0
54,4.117483074472322,35.27129859387922,1.4372759856630821,4.4937965260545925,0.49134990337104567,0.22284474174171215,0.003945840214644571,0.0015648079163647888,0.06281592325712144,0.03955765306947303,0.9864668136637356,0.8827764809289886,0.0
55,3.780167264038233,51.22870140612078,1.3405017921146958,5.23779983457403,0.5124949093578384,0.22132195976400712,0.0045627197321034775,0.0017689393239701417,0.06754790694095175,0.04205876037129651,0.9874264144602413,0.8267821824214626,0.0
56,3.6367980884109907,48.93672456575683,1.3269613699721228,5.335401157981803,0.5121779575147456,0.1958926755028788,0.003963048449030557,0.0012793489140243322,0.06295274774805748,0.03576798727947006,0.9905862519107559,0.8700449823498666,0.0
57,3.760254878534448,47.994210090984296,1.3333333333333335,5.301075268817206,0.5126442623838503,0.1983475556636664,0.003980256683416544,0.0013135561042388868,0.0630892755023906,0.03624301455782737,0.9898632909949691,0.8670669067041945,0.0
58,4.072082835523695,46.88751033912323,1.4635603345280768,5.368899917287013,0.4732884081357351,0.16595401094805934,0.003212626688686863,0.0011369614847562496,0.05668003783244029,0.033718859481842646,0.9912244153482729,0.8982259700775764,0.0
59,3.0553564317005164,38.84615384615386,1.1867781760254876,4.30272952853598,0.5477568457738715,0.3012203419993635,0.004714659718663607,0.0020152310935149325,0.06866337974978808,0.04489132537044248,0.9905072568302743,0.8797099755640057,0.0
60,2.649542015133413,40.363110008271306,1.1258462763839108,4.199338296112491,0.5556444344468359,0.32553582517878266,0.005008389212514716,0.0022329598592305713,0.07076997394739323,0.047254204672500535,0.9913125628055588,0.8678866290424604,0.0
61,2.357228195937873,31.164185277088503,1.0525686977299882,4.0500413564929705,0.5722612943954779,0.28693618376181323,0.006613195845091632,0.0022628911506683055,0.08132155830461951,0.047569855482945345,0.9926956613998931,0.9048199958947077,0.0
62,2.4643568299482275,40.577750206782476,1.1007566706491438,4.3130686517783285,0.557706912485937,0.3208905194304619,0.00543978458145371,0.0022197045730224314,0.0737548953050149,0.04711374080905093,0.9912183656188488,0.8528395269374991,0.0
63,2.526881720430108,25.94830438378826,1.1178813221823976,3.3560794044665028,0.5521717047218115,0.36564397478316985,0.004908311830970412,0.0025191885233508543,0.07005934506524031,0.050191518440378495,0.9919748998514869,0.9167574979755169,0.0
64,3.181600955794504,31.91563275434243,1.2835523695738755,3.5831265508684864,0.5137231754418805,0.3576438127129399,0.004199602196373391,0.002434354691618758,0.06480433778979144,0.04933918008660823,0.9928168919562699,0.928557732765242,0.0
65,4.274392672242133,30.29321753515301,1.4460374352847474,3.8622828784119108,0.48990880732715164,0.2895448544120604,0.004182711164464567,0.0019507505399604973,0.06467388317137426,0.04416730170567925,0.989409072332404,0.9258314321304197,0.0
66,3.437275985663082,30.538047973531842,1.3297491039426523,3.9532671629445817,0.5046791444166002,0.28648290678733507,0.0037465577583681567,0.0016486155323904464,0.06120913133159265,0.04060314682866891,0.9924871331422481,0.933575115941141,0.0
67,3.0864197530864184,26.525641025641022,1.3365193150139387,3.674524400330853,0.48595660439802224,0.29483448830583514,0.0034753496403954823,0.0016021792716741892,0.05895209614929296,0.04002723162640891,0.9949768358599977,0.9571097412546554,0.0
68,3.0864197530864184,26.525641025641022,1.3365193150139387,3.674524400330853,0.48595660439802224,0.29483448830583514,0.0034753496403954823,0.0016021792716741892,0.05895209614929296,0.04002723162640891,0.9949768358599977,0.9571097412546554,0.0
69,2.1039426523297498,29.54301075268819,1.0135404221425726,4.059966914805624,0.5840510545831573,0.27494068541417144,0.007265126236276829,0.002480790952335017,0.08523570986550666,0.049807539111413814,0.9912642987679912,0.8773154068689963,0.0
70,2.448028673835125,35.764681555004145,1.1346077260055756,4.189826302729528,0.5445398388130003,0.30037788591168524,0.005038840650322176,0.0019588747476364543,0.07098479168330478,0.04425917698778926,0.9918450542572599,0.8808302252349753,0.0
71,2.631620868180008,37.360628618693156,1.2138590203106328,4.3258891645988395,0.5156788062372524,0.284365197608817,0.004213479804749188,0.0016785468238281818,0.06491132262363161,0.04097007229464188,0.9927982941331497,0.8957619666261073,0.0
72,10.38311429709279,34.10752688172044,2.1385902031063315,3.826302729528536,0.42039366442174786,0.31533678287674266,0.004339805691278564,0.002885462012573195,0.06587720160479317,0.05371649665208254,0.9523718525398537,0.8410440821552968,0.0
73,2.686977299880525,39.273779983457395,1.1752289924332935,4.425971877584783,0.5361178055083383,0.2870133124125839,0.004261615280658374,0.0016422872022007534,0.06528104840348671,0.04052514283997964,0.9933145947301036,0.900350078406842,0.0
74,13.048984468339306,39.07030603804795,2.4181600955794504,4.155500413564933,0.37441372540033624,0.28593925549006766,0.0022408768999040616,0.0015856743023956665,0.04733790130438887,0.03982052614413409,0.9790272046619206,0.9374564481126891,0.0
75,2.1254480286738358,24.494623655913976,1.0079649542015134,3.363110008271298,0.5874469224203154,0.3425983472432849,0.006407014234936968,0.0028580962604015515,0.08004382696333907,0.05346116590948566,0.990911142798924,0.892751762155883,0.0
76,2.0035842293906807,25.510752688172047,0.9633612106730386,3.4338296112489664,0.6017248584755285,0.3524268562858447,0.0070664781849547375,0.0031643361307973497,0.08406234701074398,0.05625243222117022,0.9904484544684828,0.8749899946182933,0.0
77,2.7933094384707293,26.201819685690655,1.2218239745121464,3.4019851116625306,0.5211864322371734,0.35302565757336835,0.004534964515351885,0.002527141695075738,0.06734214516446506,0.05027068425111934,0.9916970711554856,0.9198355597038422,0.0
78,2.311031461569097,31.05045492142266,1.1099163679808846,3.7559966914805614,0.5496183476334644,0.3202809304474035,0.005307749050335433,0.0026066734123245763,0.07285430014992549,0.051055591391389994,0.9926788929156101,0.9025489298595852,0.0
79,2.997610513739546,27.808105872622,1.236559139784946,3.605459057071961,0.521989545717979,0.31637258734317786,0.004042349068320814,0.002022243567508916,0.063579470494184,0.04496936254283483,0.9925587957118859,0.9314375364086873,0.0
80,5.694544006371964,39.38585607940446,1.7502986857825569,4.773779983457404,0.42635086758994106,0.21472277820478514,0.0026546675313606203,0.0011566306191296187,0.05152346583218777,0.03400927254631623,0.9890806809524377,0.9247126545920645,0.0
81,3.440461967343688,36.390405293631105,1.3767423337315812,4.56658395368073,0.48600495982425596,0.2120572632409455,0.003749095378185447,0.0013451977551873495,0.061229856917891345,0.036676937647346586,0.989916536573641,0.8934234732620749,0.0
82,3.619673436877738,42.886683209263865,1.407805655117483,5.114971050454923,0.4818700913271791,0.18454152461776085,0.003485420819045343,0.0011988764990445934,0.05903745268086474,0.03462479601448351,0.9909439674729755,0.8919380660012847,0.0
83,3.594583831142972,43.38751033912323,1.3962564715252892,5.144334160463193,0.48347255542024514,0.1895371662725585,0.0038985770455475816,0.0012861048340917067,0.062438586191133294,0.03586230380346063,0.9887263979631554,0.8628040304620593,0.0
84,3.4034249303066515,36.057071960297776,1.3094384707287934,4.48552522746071,0.5099308220122318,0.23937764614114665,0.0046145823371193054,0.001855055925335282,0.0679307171839022,0.043070360171877854,0.9886813713666237,0.8791709780768303,0.0
85,8.822381521306253,94.0967741935484,2.0896057347670256,7.149710504549215,0.39528609388251307,0.17833920467980352,0.002060071487922278,0.0008423520590334008,0.045388010398367075,0.029023302000864767,0.989921224773215,0.8929313332466635,0.0
86,7.257268020708879,101.28949545078581,1.9199522102747908,7.390405293631104,0.41464431700480014,0.18386367745909962,0.0029830513958415696,0.0012212822086351265,0.05461731772836862,0.03494684833622521,0.9831140165698181,0.7641317371278057,0.0
87,6.979689366786141,101.23035566583957,1.8988450816407805,7.415632754342432,0.41425718001002837,0.18592720420904843,0.00296727057260281,0.0011439739587502337,0.05447265894559224,0.03382268408553989,0.9860258079674178,0.7955072541646235,0.0
88,4.775388291517322,44.57113316790736,1.5479888490641185,4.605045492142267,0.4681208582288928,0.27128477785802885,0.0033153209906677445,0.001504004635758418,0.05757882415148598,0.03878149862703114,0.98896763955957,0.8979114085204285,0.0
89,5.014735165272799,40.83085194375518,1.5969733174034253,4.461124896608767,0.45581121849907447,0.26694434099696285,0.0033392697776934016,0.0015723334982119903,0.05778641516562004,0.039652660670023016,0.9869264453668886,0.8957738530705874,0.0
90,5.270410195141376,48.279983457402835,1.598566308243728,4.6033912324234905,0.4693573617888773,0.27830400751001844,0.003637202204366894,0.001875751275415087,0.060309221553315494,0.043309944301685346,0.9873702218070148,0.8803040607794831,0.0
91,4.993229788928713,28.636889991728697,1.5659099960175233,3.5459057071960296,0.4699443474039993,0.2958729572943646,0.0032730537605860375,0.001745592916648708,0.05721060881153108,0.04178029340070158,0.9883459212617101,0.9348830506347328,0.0
92,5.197132616487455,27.366004962779158,1.6097172441258465,3.5612076095947063,0.4609138477035659,0.2804576774954608,0.0030565630699236393,0.0016385244112771535,0.05528619239849711,0.04047869082958531,0.9891980123096592,0.9444735021467122,0.0
93,12.4189565909996,27.592638544251443,2.6148944643568304,3.7696443341604615,0.32791254725974633,0.2798271375314484,0.0022141525912032453,0.0016290319159926138,0.04705478287276699,0.040361267522125883,0.9665449258040186,0.9252011284354292,0.0
94,5.862604540023896,69.0082712985939,1.763042612504979,5.838709677419357,0.42742239243135494,0.21350609693953101,0.002424695735418876,0.0010140721539104631,0.04924119957331336,0.031844499586435066,0.9933918871267297,0.9231175344033028,0.0
95,10.295499800876142,61.377584780810615,2.1473516527279966,5.644747725392885,0.39513193216881726,0.21322680194304217,0.00196808276954558,0.0008994780666917067,0.044363078900653184,0.02999129984998494,0.9879348985756649,0.9282526063786435,0.0
96,9.875348466746313,60.227047146401986,2.0832337714058142,5.547146401985112,0.4044542281469471,0.2049325240886985,0.0022166902110205334,0.0010050927664791425,0.04708173967708217,0.03170319804813298,0.98655186627683,0.9190642467475192,0.0
97,3.614097968936677,29.550868486352353,1.3703703703703705,3.8246484698097607,0.4936760680156592,0.2939989864524718,0.004116098644260751,0.001919964068767398,0.0641568285084351,0.04381739459127389,0.9900789570120172,0.9198532265974974,0.0
98,3.133811230585423,29.308519437551695,1.3209876543209875,3.6550868486352344,0.49219931773813613,0.3044493427470883,0.003867332601547218,0.001930995887611593,0.06218788146855638,0.043943098293265495,0.9920861503022737,0.924901173762916,0.0
99,4.878932696136998,30.272125723738622,1.4619673436877743,3.870140612076096,0.4972920360454087,0.2759754831280164,0.0038952464195373885,0.0018379523302280043,0.062411909276494565,0.04287134626097021,0.9875528768948802,0.9218195787614576,0.0
100,5.28395061728395,31.808105872621997,1.6567104739147755,3.8370554177005785,0.4460878624880109,0.29375281090870564,0.002757123931483631,0.0015612161613922607,0.05250832249733018,0.039512227998333135,0.9902465125547006,0.9413200027844829,0.0
101,3.5276782158502598,44.35980148883373,1.4209478295499796,4.709677419354836,0.4717375325021217,0.2456177816147561,0.003146569272818079,0.001332455576832428,0.05609428912837811,0.03650281601236305,0.992494098649364,0.9042656147973694,0.0
102,3.676224611708483,51.636062861869284,1.4460374352847472,5.312655086848635,0.46855978840044427,0.21761651130380355,0.0030736920036903335,0.0011828846376192891,0.05544088747206644,0.034393089969051764,0.9930107459828644,0.9037387729160967,0.0
103,4.744324970131422,53.69561621174525,1.5623257666268417,5.312655086848638,0.46256306517104195,0.2144005343394519,0.003105967355741468,0.001157998906738201,0.05573120630079227,0.03402938299085367,0.9908542648854274,0.8959320635848863,0.0
104,3.596176821983274,32.156741108354,1.3835125448028673,4.378411910669976,0.4889782741454132,0.21383931628200922,0.003967806486187973,0.0014773230273910653,0.06299052695594769,0.03843596008155729,0.9891409099990728,0.9039836772344755,0.0
105,2.992035045798487,41.80438378825478,1.3162086818000795,4.837468982630273,0.4953202216721754,0.22664818707746476,0.003454414276902854,0.0012595087436998904,0.05877426543056795,0.0354895582347807,0.9932251889546511,0.9038410604291416,0.0
106,3.650736758263641,50.08478081058726,1.4253285543608123,5.235318444995863,0.47726852447361917,0.212923259510258,0.0030894728269290953,0.0011759576816008414,0.05558302642829999,0.034292239378623864,0.9935966904651218,0.9121372777407303,0.0
107,3.640382317801673,49.6641852770885,1.4253285543608125,5.072787427626141,0.4774205621085845,0.21796245739619194,0.003024446319111084,0.0011772404512338877,0.054994966307027444,0.03431093777840949,0.9938790081118285,0.9159693659072509,0.0
108,3.33731581043409,37.31679073614559,1.3771405814416569,4.80479735318445,0.4840097597674664,0.19667722826917217,0.0038310129179122813,0.0014253280982649429,0.06189517685500447,0.037753517693917514,0.9900381082041299,0.8855450293883304,0.0
109,3.258861011549183,36.86021505376344,1.3090402230187181,4.578163771712161,0.5083427337227701,0.22209694454842008,0.0034131779548719197,0.0012443720620299505,0.05842240969758026,0.03527565820831626,0.9929779408441904,0.9210471659319825,0.0
110,5.260852250099562,41.75806451612902,1.6678614097968942,4.850703060380481,0.4338898549496615,0.21225331555993715,0.0029705218979937105,0.0012252160355097999,0.05450249441992275,0.035003086085512516,0.9895815928848581,0.9178083797863112,0.0
111,5.260852250099562,41.75806451612902,1.6678614097968942,4.850703060380481,0.4338898549496615,0.21225331555993715,0.0029705218979937105,0.0012252160355097999,0.05450249441992275,0.035003086085512516,0.9895815928848581,0.9178083797863112,0.0
112,5.333333333333332,39.100496277915646,1.6710473914774988,4.639784946236558,0.43789243382510507,0.21719278473497636,0.0031279336272848697,0.0013348500801474462,0.05592793244242871,0.036535600174999815,0.9895124726577846,0.9223664344845461,0.0
113,3.8299482277976913,39.437138130686506,1.4436479490242928,4.725806451612901,0.47567813954827926,0.21107939304412573,0.00312547530808687,0.0011275545074472474,0.05590595056062342,0.03357907841867087,0.9925866524603137,0.9243818231321911,0.0
114,4.365989645559538,36.81348221670803,1.5089605734767024,4.489247311827958,0.47272592913647044,0.22213725073233223,0.0028917763830384855,0.0011899826295888088,0.05377523949773246,0.03449612484886975,0.9920834684779432,0.9327465540180513,0.0
115,4.423337315810433,40.407775020678265,1.5798486658701718,4.579818031430935,0.4452183188107884,0.23195136828964777,0.0025742567034002994,0.0011223379109395277,0.0507371333778358,0.03350131207788029,0.9932877974589862,0.9392727285368194,0.0
116,4.531660692951015,35.57940446650126,1.5854241338112307,4.723325062034739,0.445656932163913,0.18845286936004316,0.0029280960666734236,0.0011759576816008422,0.054111884708199026,0.03429223937862388,0.9909601873091516,0.9294589138678332,0.0
117,4.207088809239346,35.93010752688171,1.497411389884508,4.724979321753515,0.47043262508421146,0.1939985574551285,0.0036107950981432396,0.001342974287823404,0.06008989181337606,0.03664661359284653,0.9882910363657146,0.9007980323568925,0.0
118,3.571883711668658,39.714640198511155,1.3934687375547592,4.813895781637718,0.48626233090820636,0.20839329927064373,0.0033512441712062312,0.0011796349545489064,0.05788993151841027,0.03434581422166181,0.9919584408630682,0.9117091677364133,0.0
119,4.820390282755873,41.27543424317617,1.5993628036638794,4.969396195202649,0.45694826455298315,0.18981708305130218,0.0031529133223613002,0.0012010999664085395,0.056150808741827575,0.034656889162308545,0.9882419014749844,0.8992685544999891,0.0
120,3.0071684587813614,32.97394540942929,1.3146156909597768,4.516542597187758,0.4928499043207287,0.20718219085256126,0.003294861430890858,0.0012143552526166794,0.057400883537545466,0.03484760038534475,0.9940047491842895,0.9346762243533291,0.0
121,3.820390282755875,36.618693134822166,1.470728793309439,4.686517783291977,0.46343593463002813,0.19813738808492862,0.0029568821914757876,0.0011334552477592582,0.054377221255556885,0.03366682711155386,0.9930585164914651,0.9338261203536842,0.0
122,4.315412186379928,35.15550041356492,1.486260454002389,4.635235732009925,0.4657954637289295,0.1911847884822865,0.0030888384219747733,0.0011951992260965287,0.055577319312600654,0.03457165350538688,0.9918997780369997,0.9343870563952754,0.0
123,3.3695738749502184,36.019437551695624,1.3695738749502193,4.682795698924731,0.48657949987688526,0.19752446205489688,0.0036101606931889184,0.0012570287224093358,0.0600846127822167,0.03545460086377134,0.9910569342160611,0.9054065232007183,0.0
124,4.282357626443647,40.48759305210918,1.585424133811231,4.819272125723738,0.4344230213099245,0.21122352255416135,0.0027012169948839996,0.001084624483727982,0.05197323344649628,0.03293363757206273,0.9932020636250996,0.9360995928476342,0.0
125,4.858622062923139,31.875103391232432,1.6375945838311425,4.244830438378825,0.4366476771061436,0.23302555014149448,0.0029525206574148224,0.0013318569510036733,0.05433710203364569,0.03649461536999223,0.9902888612153985,0.9361599855236222,0.0
126,4.810035842293908,35.48263027295286,1.668657905217045,4.6645988420181945,0.4248417161500912,0.19141852851246538,0.0025172395581306043,0.001067178816718559,0.05017209939927374,0.032667702960547426,0.9920313781749941,0.941358117226042,0.0
127,6.289924332935088,39.14516129032258,1.686180804460374,4.844086021505374,0.4509253694504325,0.1875693740064947,0.0034830418004666358,0.0013186016647955335,0.05901730085717777,0.03631255519507727,0.9837660489752938,0.9005033393444386,0.0
128,6.727996814018321,45.07981803143094,1.8088410991636805,5.1914805624483025,0.4248844487739623,0.17532102592605125,0.0026930490310971044,0.0010838548219481543,0.05189459539390499,0.032921950457835185,0.9892589892926476,0.9288150985732047,0.0
129,4.411389884508164,39.37923904052936,1.5894066109119869,4.937551695616211,0.44010927802218175,0.18588832729735147,0.0029192936979322045,0.00110360947429706,0.054030488596089936,0.033220618210639305,0.9918364983391931,0.9276696219001934,0.0
130,6.042214257268023,45.283291976840374,1.7315810434090002,4.717535153019025,0.43828169254285054,0.24556130661485417,0.0027204077447522414,0.0013319424689792094,0.05215752816950053,0.036495787003148865,0.989060450556055,0.9181545736942632,0.0
131,4.414974113898845,48.61207609594706,1.5834328952608523,5.0827129859387945,0.44600964409807675,0.21903534371261063,0.0028667966879620554,0.0011926336868304374,0.05354247554943697,0.03453452890702923,0.9915165642353123,0.9074088513098993,0.0
132,6.042214257268023,45.283291976840374,1.7315810434090002,4.717535153019025,0.43828169254285054,0.24556130661485417,0.0027204077447522414,0.0013319424689792094,0.05215752816950053,0.036495787003148865,0.989060450556055,0.9181545736942632,0.0
133,4.207088809239346,35.93010752688171,1.497411389884508,4.724979321753515,0.47043262508421146,0.1939985574551285,0.0036107950981432396,0.001342974287823404,0.06008989181337606,0.03664661359284653,0.9882910363657146,0.9007980323568925,0.0
134,4.114695340501794,51.81596360628622,1.4870569494225414,5.61000827129859,0.46279701363544656,0.17419228780950757,0.002913584053343306,0.0009658400157079419,0.053977625488190066,0.031077966724159127,0.9927782976891099,0.9091378527066324,0.0
135,4.114695340501794,51.81596360628622,1.4870569494225414,5.61000827129859,0.46279701363544656,0.17419228780950757,0.002913584053343306,0.0009658400157079419,0.053977625488190066,0.031077966724159127,0.9927782976891099,0.9091378527066324,0.0
136,3.1589008363201923,36.74441687344914,1.2998805256869777,4.574855252274607,0.5071836591038795,0.2213076069507834,0.004014197348472773,0.0014135266176409213,0.06335769368018988,0.037596896383091535,0.9915042079888527,0.9017562903978278,0.0
137,3.0704898446833924,36.841604631927204,1.2831541218637994,4.272539288668321,0.5086875348755476,0.2626419256719017,0.003674235593575445,0.0014895520978927689,0.06061547321910013,0.038594715932271983,0.993534812793695,0.923952172799931,0.0
138,3.8757467144563926,40.80686517783293,1.4536041417761847,4.399917287014062,0.4717403910514063,0.2823089527990055,0.0031202414672137136,0.0014939135146451246,0.055859121611548046,0.03865117740308986,0.9933667182991862,0.9307163179224022,0.0
139,4.288331342094783,41.70016542597188,1.51652727996814,4.5248138957816355,0.4674182361763621,0.2551447426854549,0.0031517238130719456,0.0014082245031576655,0.05614021564860564,0.03752631747397639,0.9909422285532948,0.9127287147197578,0.0
140,2.9342891278375154,46.28701406120762,1.2735961768219837,5.373035566583955,0.5084305693349058,0.18917446363795085,0.0035719377946910142,0.0011576568348360553,0.059765690782346136,0.03402435649407723,0.9929471814235626,0.8894952088650072,0.0
141,3.975706889685384,62.79321753515299,1.4707287933094384,6.272952853598013,0.4712408783515453,0.17065373761475014,0.0030089826983494853,0.0010082569315739893,0.054854194902026275,0.03175306176692241,0.9934374537776614,0.8955924841674825,0.0
142,3.8219832735961776,48.78453267162946,1.485862206292314,5.313068651778331,0.4608678688493499,0.20865854389260446,0.0026208854675429704,0.0010787237434159711,0.051194584357556513,0.032843930084811276,0.9947705496119053,0.933808503513319,0.0
143,4.4161688570290725,65.1286186931348,1.5328554360812428,6.3941273779983465,0.4613117532521123,0.15645026526949593,0.0032704368401494585,0.0010808616928043807,0.0571877333013773,0.03287646107482344,0.9922847734251734,0.886603312160528,0.0
144,23.78016726403824,62.55376344086023,2.6802070888092384,5.063275434243177,0.4087559918641651,0.23652874011438677,0.0021483330771923325,0.0011124178257773069,0.046350114101179216,0.033352928293889084,0.9815831061028467,0.9525071385799333,1.0
145,22.667064914376734,60.36765922249791,2.634408602150536,5.036807278742762,0.4127331248091101,0.22485237209626366,0.002201860995213257,0.0010858217353854915,0.046923991680304186,0.03295180928849722,0.9837281949854095,0.9573350326193912,1.0
146,22.720828355236975,60.72911497105044,2.5941855834328944,5.018610421836229,0.41487618673639187,0.22167651723071355,0.002199244074776677,0.001137816664511614,0.04689609871595586,0.03373153812845797,0.980868066890209,0.9497565783563418,1.0
147,19.43448825169257,104.68238213399495,2.2724014336917553,7.10008271298594,0.4079745214268344,0.12885162725995294,0.0026612494827617118,0.0008934062904286232,0.051587299626571964,0.029889902817316474,0.9803571550967427,0.8953186230122206,1.0
148,29.97092791716448,118.32133995037225,2.7483074472321785,6.451199338296114,0.3996621432608068,0.19002245817386776,0.0034276899682020375,0.00135015779776846,0.05854647699223274,0.03674449343464215,0.978864371278327,0.9187270128696567,1.0
149,31.818797291915565,139.68320926385445,2.7060931899641565,7.066997518610422,0.4155610341633809,0.17682776962634603,0.004121332485133911,0.0014562856054091146,0.06419760497973355,0.03816131032091423,0.9699056120321493,0.8716397673050078,1.0
150,33.21186778176023,137.13358147229118,2.711668657905217,6.768817204301076,0.4146978303051994,0.18702726390472277,0.0032025555100369998,0.001203494469723558,0.0565911257180576,0.03469141781080096,0.9738743045590378,0.895369172255586,1.0
151,34.43448825169256,147.46939619520265,2.796097172441259,7.1550868486352375,0.4034562026641413,0.17482424663993157,0.0028627523563782534,0.0011199434076245094,0.053504694713438494,0.03346555554035387,0.973413530371618,0.8889702763272864,1.0
152,14.680207088809244,101.1666666666667,1.9585822381521307,5.214640198511163,0.4326049116569297,0.2136775573574595,0.0024116904338552744,0.001132257996101749,0.049108964903113915,0.033649041533181136,0.9814515756130943,0.8544316535362658,1.0
153,40.110712863401034,120.87138130686516,2.4882516925527667,5.468569065343259,0.45797278380831546,0.25589917050072714,0.0034295931830650044,0.0018200790733409,0.05856272861697109,0.04266238475918687,0.9677936827554046,0.904754623580787,1.0
154,15.900438072481084,67.05293631100083,1.7586618876941462,5.2721257237386245,0.4984819460177308,0.21278226204859235,0.003999685335142655,0.0013870160452246413,0.06324306551032022,0.037242664314259814,0.9709120772397759,0.8779692102755521,1.0
155,37.75706889685383,98.82299421009098,2.3894862604540013,5.736145574855253,0.4600880424752086,0.2118251515944228,0.00329224451045428,0.0012999587461286013,0.05737808388622158,0.0360549406618372,0.9472446467204546,0.8605889403526911,1.0
156,29.661091198725604,86.09884201819682,1.9207487056949426,5.177419354838709,0.5147478555576639,0.2566477404379346,0.005208623276222616,0.0021043408240238467,0.07217079240400937,0.04587309477268616,0.9260058727746248,0.7836892846473436,1.0
157,28.441258462763845,108.10132340777503,2.06531262445241,5.766335814722911,0.4821506877852114,0.22528128328126687,0.0046623213099320346,0.002004797900499494,0.06828119294455856,0.04477496957564007,0.9447255382008275,0.7905013088295108,1.0
158,28.441258462763845,108.10132340777503,2.06531262445241,5.766335814722911,0.4821506877852114,0.22528128328126687,0.0046623213099320346,0.002004797900499494,0.06828119294455856,0.04477496957564007,0.9447255382008275,0.7905013088295108,1.0
159,19.97212266029472,117.2593052109181,2.375149342891278,7.663771712158811,0.3909862893549864,0.14306627324086976,0.0024679938735513553,0.000873737156055254,0.04967890773307476,0.029559045249386084,0.9672253261262971,0.8104973806825313,1.0
160,19.191158900836314,111.59884201819686,2.395459976105137,7.465674110835402,0.3921097957079114,0.15036768243130427,0.0023990816353881236,0.0008702309190582624,0.04898042093927046,0.029499676592435083,0.9702949951990011,0.8300024111508307,1.0
161,9.509757068896855,91.24317617866,2.095977698128235,5.980148883374686,0.40286175850444267,0.22428914732142616,0.0026315910511471555,0.0014123293659834115,0.05129903557716417,0.03758097079618103,0.9890656106314484,0.8796722404527744,1.0
162,35.73516527279966,94.78329197684033,2.5444046196734353,4.674110835401158,0.44774368377278745,0.2828591731839237,0.0032050138292349984,0.001794509198655521,0.05661284155768016,0.0423616477330087,0.9757069680779866,0.9371107758480811,1.0
163,9.995221027479092,35.2940446650124,1.2759856630824375,3.7398676592224978,0.5468704003341508,0.2911368375896532,0.005622969012014202,0.002374235554816681,0.07498645885767778,0.04872612805073558,0.9662114564144093,0.8728513018420078,1.0
164,10.019912385503783,32.94168734491315,1.4480286738351253,3.82671629445823,0.5350247143459407,0.2763696327071726,0.00531583771350304,0.002248096540900511,0.07290979161609941,0.04741409643661377,0.9707923565981341,0.8990335637840021,1.0
165,45.578255675029844,126.92886683209258,2.8239745121465556,5.6914805624483025,0.4614035511709033,0.25475336538271237,0.0035306221720407907,0.0016286043261149324,0.059419038801050886,0.04035597014216029,0.966907362272369,0.9065909136237099,1.0
166,25.381123058542418,71.13895781637716,1.8016726403823182,4.366418527708849,0.5067900788751776,0.24454971124107455,0.004373270552619055,0.0018313674461117031,0.06613070809101514,0.042794479154579075,0.9525397771942873,0.8567875815517509,1.0
167,50.13500597371564,180.3842018196857,3.0748705694942258,5.97063688999173,0.41994264055207825,0.2318260602206228,0.002548959805846708,0.0013068001841715126,0.050487224184408354,0.03614969134268663,0.967340129175187,0.8852632110042178,1.0
168,33.026682596575064,102.4301075268817,2.8689765033851033,5.607940446650122,0.3898718488846028,0.20395674590199725,0.003275115576687585,0.0015720769442853812,0.057228625500597034,0.039649425522766166,0.9583031528597705,0.8733519117381591,1.0
169,33.026682596575064,102.4301075268817,2.8689765033851033,5.607940446650122,0.3898718488846028,0.20395674590199725,0.003275115576687585,0.0015720769442853812,0.057228625500597034,0.039649425522766166,0.9583031528597705,0.8733519117381591,1.0
170,14.849860613301473,45.41149710504549,1.4169653524492234,4.3180314309346555,0.5611988672253941,0.23435520563494777,0.0058802995216110845,0.0020241249629707166,0.07668311105850548,0.04499027631578535,0.9515798608228042,0.8526574741794082,1.0
171,14.849860613301473,45.41149710504549,1.4169653524492234,4.3180314309346555,0.5611988672253941,0.23435520563494777,0.0058802995216110845,0.0020241249629707166,0.07668311105850548,0.04499027631578535,0.9515798608228042,0.8526574741794082,1.0
172,12.006371963361207,55.529776674938,2.0318598168060533,5.218775847808104,0.40375645780762165,0.18482090355173858,0.0027332544450772633,0.001241892040739395,0.05228053600602488,0.03524048865636507,0.9760628030442461,0.8821860892650094,1.0
173,10.043010752688167,121.5897435897436,1.5125448028673834,6.583126550868489,0.5244945214115103,0.1760928152951563,0.005223055988933439,0.0015792604542304374,0.07227071321727384,0.03973991009338644,0.9723902033390184,0.671807740538563,1.0
174,15.176821983273598,64.66211745244001,1.2676224611708482,4.48014888337469,0.6496591057082886,0.37389164575918593,0.04983560188614936,0.03375976016654798,0.22323888972611686,0.18373829259723728,0.9560080768812552,0.8150386372441754,1.0
175,15.001194743130224,73.16790736145576,2.0207088809239346,5.38213399503722,0.42635608701108757,0.21269257241441217,0.0028018494807633353,0.0012405237531308132,0.052932499286953524,0.03522106973291432,0.9715556585436499,0.863325742938847,1.0
176,14.068100358422944,65.79404466501241,2.0219036240541612,5.1439205955334995,0.4249846994747522,0.22075616068681245,0.0026202510625886483,0.0011591961583957105,0.05118838796630197,0.03404696988566986,0.9774361424550397,0.895372443443815,1.0
177,14.827956989247314,61.96732837055419,2.0139386698526485,5.158395368072787,0.4263206415555903,0.20493567306611815,0.002843165103413559,0.0012241898198033637,0.05332133816225507,0.034988424082878666,0.9745903141295128,0.8946904126605097,1.0
178,12.925129430505779,69.54177005789911,1.745519713261648,5.486352357320099,0.48535136191782186,0.19689763808657196,0.004304041111978659,0.0014684291579352817,0.06560519119687602,0.03832008817755097,0.9600125605238163,0.7856026635212547,1.0
179,12.945838311429714,73.5078577336642,1.7399442453205893,5.899090157154673,0.48886822580928224,0.17827321111172806,0.004571601401463985,0.001636471979864279,0.06761361846154948,0.04045333088713807,0.9531845525938533,0.7307683487411529,1.0
180,9.15651135005974,46.894540942928025,1.9211469534050172,5.090570719602978,0.4492642624607808,0.21128360884446556,0.0029374535397496734,0.001232057473552711,0.05419827985969364,0.03510067625492009,0.9849415878364339,0.9223882757170079,1.0
181,9.15651135005974,46.894540942928025,1.9211469534050172,5.090570719602978,0.4492642624607808,0.21128360884446556,0.0029374535397496734,0.001232057473552711,0.05419827985969364,0.03510067625492009,0.9849415878364339,0.9223882757170079,1.0
182,61.98088410991638,136.6964433416046,3.4153723616089207,6.467328370554178,0.4006683912398063,0.18238157677398156,0.0031726591765645733,0.0012533514494612705,0.0563263630688559,0.03540270398516574,0.9691241657746792,0.9311795852003443,1.0
183,60.030665073675806,138.92307692307693,3.29311031461569,6.587262200165424,0.42956755738199814,0.1753948725405797,0.00365742386228591,0.0012921766103547898,0.06047663897974085,0.035946858143025374,0.9688983053543315,0.9278004694560092,1.0
184,61.98088410991638,136.6964433416046,3.4153723616089207,6.467328370554178,0.4006683912398063,0.18238157677398156,0.0031726591765645733,0.0012533514494612705,0.0563263630688559,0.03540270398516574,0.9691241657746792,0.9311795852003443,1.0
185,32.3795300677021,184.44540942928035,2.2927120669056147,8.931761786600497,0.45454709900289403,0.11859733916798204,0.003231976039793685,0.0008490224611252391,0.056850470884537846,0.029137989998029017,0.9733013965829247,0.8496027891574999,1.0
186,30.197132616487462,126.33498759305213,2.3094384707287925,6.43755169561621,0.45080652648078584,0.19466744329553454,0.003958131810634563,0.0014587656266996701,0.06291368540019383,0.038193790420691036,0.9567273348606561,0.820120075510576,1.0
187,25.68259657506969,105.0289495450786,2.303066507367582,6.094292803970223,0.45266881507874723,0.21468636811428035,0.004610855208012662,0.002033617458255256,0.06790327833037711,0.04509564788596851,0.9672509429368821,0.8678014360464417,1.0
188,23.658701712465156,89.71091811414394,1.9414575866188764,5.016956162117453,0.5449739184396584,0.3382996657684797,0.037495077414057554,0.027504205774036884,0.19363645683098407,0.16584391991881067,0.9582284957502418,0.8441366610841099,1.0
189,24.96256471525288,101.57154673283705,2.2473118279569886,5.902398676592225,0.4582051585588119,0.22438673338968285,0.005608853501780538,0.0024955855621028116,0.07489227932023793,0.04995583611654209,0.9664147219169781,0.8650624176502342,1.0
190,24.96256471525288,101.57154673283705,2.2473118279569886,5.902398676592225,0.4582051585588119,0.22438673338968285,0.005608853501780538,0.0024955855621028116,0.07489227932023793,0.04995583611654209,0.9664147219169781,0.8650624176502342,1.0
191,17.874551971326156,85.07981803143093,2.2393468737554763,5.895368072787429,0.4085154977978117,0.18114105048912071,0.0025920993427406063,0.0010965114823275398,0.05091266387393815,0.0331136147577932,0.9685958273959869,0.8516403746470912,1.0
192,17.874551971326156,85.07981803143093,2.2393468737554763,5.895368072787429,0.4085154977978117,0.18114105048912071,0.0025920993427406063,0.0010965114823275398,0.05091266387393815,0.0331136147577932,0.9685958273959869,0.8516403746470912,1.0
193,30.644364794902437,106.4462365591398,2.1314217443249697,5.1666666666666705,0.48669559875876195,0.24045881835735913,0.003712775694550509,0.0015972192290930785,0.06093255036965471,0.039965225247620945,0.965999464581443,0.8836819719981287,1.0
194,39.090003982477086,134.09594706368904,2.326164874551971,5.679073614557485,0.470282994573666,0.2429404170037297,0.0038620987606740615,0.001614579378126965,0.06214578634689613,0.04018182895447848,0.9512832753277574,0.8362542121863659,1.0
195,32.84030266825967,145.4454094292804,2.1123058542413395,5.877171215880892,0.514710045273747,0.23835931363160595,0.006200277520447267,0.0023449028892077,0.0787418409770007,0.0484241973522298,0.9547529873068432,0.8042103899768357,1.0
196,28.26045400238951,139.47063688999174,2.0063719633612105,5.843672456575683,0.5154608900674753,0.2316245463948969,0.005800285196747215,0.002205080999205708,0.0761596034439992,0.0469582899944803,0.9592002306151092,0.8035617040636093,1.0
197,16.924332935085634,123.93217535153018,1.7662285941855835,5.711331679073615,0.48910538112228935,0.25099777916777294,0.003707224651200192,0.0015350476608781258,0.060886982608766155,0.039179684287627,0.9774740072088249,0.8378215465662018,1.0
198,20.092791716447643,105.76385442514471,1.7495021903624053,6.011166253101736,0.5206038886756545,0.24383845096806894,0.006070145204191958,0.002331904156926169,0.07791113658644673,0.048289793506766716,0.9600348384203421,0.7920519501395323,1.0
199,17.63799283154123,93.01199338296112,1.791716447630426,5.1807278742762595,0.5099364214429232,0.29348071303039514,0.0050559695840888715,0.002271528466197481,0.07110534145961801,0.04766055461487498,0.9765761716066746,0.8798299437269241,1.0
200,17.40023894862605,92.43052109181141,1.7530864197530862,5.176592224979319,0.5213444290213587,0.28956617235289667,0.004964773871905074,0.0021996078487713806,0.0704611515085091,0.046899977065787364,0.9767873247250314,0.8800947706735612,1.0
201,5.5567502986857855,28.972291149710493,1.4062126642771802,3.387510339123243,0.5292247341162771,0.35768412385966347,0.005127974546404424,0.0027668485805042277,0.07160987743603828,0.052600842013262754,0.9862520206350766,0.9232654314081917,1.0
202,11.518120270808447,103.56947890818861,1.6216646754281163,4.56286186931348,0.5026972791991435,0.25409557992079257,0.005500687457068628,0.0024174221324625546,0.07416661956074733,0.04916728721886692,0.9703890862785574,0.6762688363352676,1.0
203,11.518120270808447,103.56947890818861,1.6216646754281163,4.56286186931348,0.5026972791991435,0.25409557992079257,0.005500687457068628,0.0024174221324625546,0.07416661956074733,0.04916728721886692,0.9703890862785574,0.6762688363352676,1.0
204,12.452011150935887,41.84077750206784,1.7510951812027078,4.032671629445822,0.46956097231603416,0.24744965067630995,0.004102300336504248,0.001896361107519356,0.0640492024657938,0.043547228471159403,0.9819249194199493,0.9394315917207582,1.0
205,10.142174432497015,134.91852770885032,1.4731182795698927,7.027708850289495,0.5236641845271774,0.17678492249179759,0.005386177362813496,0.001554973349178104,0.07339058088619749,0.039433150383631585,0.9677533291077673,0.5590734994717936,1.0
206,17.913978494623656,188.20140612076085,1.9020310633213857,6.968155500413564,0.500464763280192,0.21055372399536804,0.005637322424105738,0.00212460858422597,0.07508210455298744,0.04609347659079287,0.9704619818470083,0.671640728058251,1.0
207,17.913978494623656,188.20140612076085,1.9020310633213857,6.968155500413564,0.500464763280192,0.21055372399536804,0.005637322424105738,0.00212460858422597,0.07508210455298744,0.04609347659079287,0.9704619818470083,0.671640728058251,1.0
208,10.043010752688167,121.5897435897436,1.5125448028673834,6.583126550868489,0.5244945214115103,0.1760928152951563,0.005223055988933439,0.0015792604542304374,0.07227071321727384,0.03973991009338644,0.9723902033390184,0.671807740538563,1.0
209,3.199522102747909,58.89619520264682,1.2170450019912382,5.145161290322579,0.5460947460887265,0.19714851888387153,0.005212112503471385,0.0017067677557551886,0.07219496175960885,0.04131304583004246,0.9907517173237798,0.8280480629520407,1.0
210,14.849860613301473,45.41149710504549,1.4169653524492234,4.3180314309346555,0.5611988672253941,0.23435520563494777,0.0058802995216110845,0.0020241249629707166,0.07668311105850548,0.04499027631578535,0.9515798608228042,0.8526574741794082,1.0
211,21.839107925129426,106.585194375517,2.544802867383511,6.3701406120760975,0.4143517382954621,0.19865826485597748,0.002873933743698178,0.001208283476353596,0.053609082660480006,0.03476037221252954,0.9760074205210114,0.8850869866234703,1.0
212,16.816806053365198,60.461124896608794,2.130227001194743,5.1302729528536,0.44562869527463245,0.20753175984163252,0.0030951824715179928,0.0012778951084402139,0.05563436412432511,0.03574765878264217,0.9818342376477027,0.9356753866124774,1.0
213,16.951413779370753,58.44003308519437,2.1676622859418555,4.990901571546731,0.4340246483858706,0.22228154380654577,0.0029764694444404786,0.0013695703782152194,0.054557029285331134,0.037007707011043244,0.9784256740095575,0.9268638116673643,1.0
214,16.16089207487058,67.21091811414394,1.8112305854241342,4.864350703060381,0.47384075544634746,0.2250301911753633,0.00441553778270076,0.0017986140614812672,0.06644951303584369,0.042410070283852006,0.9579474600936337,0.8282547916496207,1.0
215,16.385902031063317,68.47725392886684,1.7821585025886104,4.934656741108354,0.4833155473215627,0.21906086646492065,0.004318870327785937,0.001802633406331477,0.06571811263103908,0.04245743051965671,0.9601484629489507,0.8348779229510744,1.0
216,18.671047391477497,87.91976840363935,2.080047789725209,5.818031430934657,0.46744114966310113,0.21103982435609006,0.004045521093092425,0.0015888384674905126,0.06360441095625699,0.039860236671280726,0.9709424255482596,0.8616950506317274,1.0
217,15.834727200318596,84.5272952853598,1.6977299880525687,5.85401157981803,0.48653206421071693,0.16797559034087872,0.005024170035753476,0.0015996992503836337,0.07088138003561638,0.03999624045311801,0.9610237140281094,0.7965024755184702,1.0
218,21.806451612903242,86.98552522746074,1.9912385503783354,5.600082712985939,0.46255775891434736,0.19786373678122823,0.0037935037249879904,0.0013687151984598553,0.06159142574245209,0.03699615113035213,0.965886911397473,0.8632078741841958,1.0
219,21.31461569095978,84.62737799834575,1.8498606133014732,5.63895781637717,0.4940049454932345,0.19323708509477075,0.005307986952193303,0.001675724730635481,0.07285593285514436,0.040935616895748386,0.9563303665066242,0.8308463508445085,1.0
220,15.985663082437275,78.55293631100082,2.086818000796495,5.633167907361457,0.4389823634989638,0.19832615949947643,0.0045700153890781805,0.0019079915521923042,0.06760188894608035,0.043680562635940307,0.9579449435329471,0.7918760779156434,1.0
221,15.636399840700916,65.13192721257235,2.084826762246116,5.357733664185276,0.4337446845605359,0.19729251419648583,0.003941875183680059,0.0016251836070934767,0.06278435460909078,0.040313566042877884,0.9672185129162654,0.8631519196489582,1.0
222,30.33731581043408,76.05913978494624,2.868578255675028,5.999586435070308,0.38600049691251087,0.183074244988351,0.003456555393623692,0.001508366052510773,0.058792477355727166,0.03883768855777559,0.9333440278492684,0.8358293691333503,1.0
223,30.33731581043408,76.05913978494624,2.868578255675028,5.999586435070308,0.38600049691251087,0.183074244988351,0.003456555393623692,0.001508366052510773,0.058792477355727166,0.03883768855777559,0.9333440278492684,0.8358293691333503,1.0
224,15.62923138191955,70.80190239867657,1.8538430904022298,5.023573200992557,0.4880962107308864,0.2080281516124442,0.003983032205091701,0.001549329162792703,0.06311126844781129,0.03936151880698588,0.9721495700238963,0.8752436358900544,1.0
225,15.62923138191955,70.80190239867657,1.8538430904022298,5.023573200992557,0.4880962107308864,0.2080281516124442,0.003983032205091701,0.001549329162792703,0.06311126844781129,0.03936151880698588,0.9721495700238963,0.8752436358900544,1.0
226,15.533651931501392,70.93672456575682,1.88331342094783,5.052522746071133,0.4760552511559038,0.20957683682580897,0.003945364410928831,0.0015356462867068814,0.06281213585708442,0.039187323035732885,0.9718567716731765,0.8729779049002373,1.0
227,15.448426921545195,70.84822167080235,1.8689765033851062,5.047559966914807,0.4795781390013553,0.21154684695539439,0.004083743991590328,0.0015432573865296188,0.06390417820135337,0.039284314764669356,0.972482569414093,0.8751472803316768,1.0
228,16.81123058542414,80.37510339123247,1.7988849064117884,6.031844499586435,0.49782980696029794,0.18702485017683684,0.0035755063225590736,0.0011290083130313666,0.05979553764754585,0.03360071893622764,0.972360056977522,0.870004169294469,1.0
229,16.81123058542414,80.37510339123247,1.7988849064117884,6.031844499586435,0.49782980696029794,0.18702485017683684,0.0035755063225590736,0.0011290083130313666,0.05979553764754585,0.03360071893622764,0.972360056977522,0.870004169294469,1.0
230,34.24014336917565,169.32712985938792,2.1174830744723225,7.476840363937139,0.47972081099856667,0.14643404761220027,0.0032805080187993216,0.0009910678184911754,0.05727571927788704,0.03148122962165194,0.9651489853564467,0.8219749212924717,1.0
231,22.25169255276781,114.10215053763443,1.7706093189964163,7.393300248138958,0.5126059158361413,0.1559715670715161,0.004524417532986282,0.0012164932020050888,0.06726379065281916,0.03487826260015096,0.9484878617579643,0.7386677509423014,1.0
232,22.25169255276781,114.10215053763443,1.7706093189964163,7.393300248138958,0.5126059158361413,0.1559715670715161,0.004524417532986282,0.0012164932020050888,0.06726379065281916,0.03487826260015096,0.9484878617579643,0.7386677509423014,1.0
233,18.27917164476304,88.86435070306037,2.1533253683791314,6.274607113316789,0.43731838057278544,0.1701714797184074,0.003080749758807166,0.0010627318819906673,0.055504502148989374,0.03259956873933561,0.9696732019179858,0.8558172287572308,1.0
234,18.2831541218638,93.51116625310175,2.121465551573079,6.5343258891646,0.4530089131366704,0.1594412270734333,0.0030124719255982552,0.0010453717329567801,0.05488599024886273,0.03233220890933343,0.9701040943028084,0.848804621446671,1.0
235,12.006371963361207,55.529776674938,2.0318598168060533,5.218775847808104,0.40375645780762165,0.18482090355173858,0.0027332544450772633,0.001241892040739395,0.05228053600602488,0.03524048865636507,0.9760628030442461,0.8821860892650094,1.0
236,11.801274392672235,54.57650951199338,1.9844683393070492,5.1141439205955335,0.4140137954171636,0.19690342935347446,0.0029311094902064534,0.001334935598122983,0.054139721925832364,0.036536770493887157,0.9722006704421836,0.8619143326429863,1.0
237,34.56670649143765,121.93961952026473,2.7737953006770204,7.0090984284532665,0.3863510783500131,0.16862370752745198,0.002208998050949378,0.0008924655926977227,0.04699997926541434,0.029874162627556988,0.9670779675211576,0.8838083076969462,1.0
238,34.56670649143765,121.93961952026473,2.7737953006770204,7.0090984284532665,0.3863510783500131,0.16862370752745198,0.002208998050949378,0.0008924655926977227,0.04699997926541434,0.029874162627556988,0.9670779675211576,0.8838083076969462,1.0
239,37.14814814814813,112.90818858560795,2.3978494623655906,6.083540115798183,0.4453606258378583,0.19445324720711832,0.004193892551784493,0.0016507534817788562,0.06476026985571086,0.0406294656841418,0.9546517835158685,0.8654663344207211,1.0
240,28.107925129430498,119.40074441687344,2.2353643966547185,5.672870140612075,0.43476017397953887,0.1961333917051755,0.0035796299547621695,0.001496222499984607,0.05983000881465896,0.03868103540476401,0.9703485028801112,0.8776729605529973,1.0
241,13.632417363600155,62.2725392886683,1.7399442453205896,4.688585607940445,0.466138008745464,0.20940859988790256,0.003520471692771637,0.0014597918424061067,0.05933356295362379,0.03820722238538293,0.9686720345114194,0.8538553803987804,1.0
242,63.11628833134208,163.0942928039702,3.017522899243329,6.761786600496276,0.4295714741806267,0.17715203100215968,0.0034550486818571763,0.001195455780023138,0.05877966214480291,0.0345753637728244,0.950686697186916,0.8758313902033408,1.0
243,30.596176821983267,78.75392886683208,2.2680207088809237,5.255996691480565,0.4357665235054935,0.1937568466793736,0.0035874807160719054,0.0014971631977155075,0.059895581774216916,0.03869319317031753,0.9463784317832447,0.8643100757831598,1.0
244,30.214257268020713,78.56741108354014,2.264436479490242,5.25806451612903,0.430249506414615,0.18486225602050635,0.00348764123638547,0.0015150364546026116,0.05905625484557474,0.03892346920050436,0.9481838392427614,0.8678515158998187,1.0
245,24.54559936280366,76.32547559966912,1.9370768618080445,4.672870140612077,0.49289811962285673,0.2196351888931213,0.0064208918433127605,0.0025601516336327835,0.08013046763443205,0.05059794100191018,0.9519085681889234,0.8542169724856595,1.0
246,12.769414575866186,64.12572373862697,1.7228195937873358,4.929693961952026,0.46870135340800956,0.20758803923170407,0.004644320069353149,0.0016897496786234482,0.0681492484870754,0.04110656490906833,0.9575552593538281,0.7888537875920243,1.0
247,12.769414575866186,64.12572373862697,1.7228195937873358,4.929693961952026,0.46870135340800956,0.20758803923170407,0.004644320069353149,0.0016897496786234482,0.0681492484870754,0.04110656490906833,0.9575552593538281,0.7888537875920243,1.0
248,10.02389486260454,51.629032258064505,1.7395459976105134,4.091397849462366,0.4485017137239557,0.23996876691443395,0.0029158044706834338,0.0014181445883198864,0.05399818951301454,0.03765826055887189,0.9868278222700892,0.9314055586849216,1.0
249,7.82636399840701,48.61993382961124,1.3325368379131826,4.331265508684863,0.536691328848085,0.22591223848953706,0.005707424171558327,0.002019250438365142,0.07554749613030419,0.044936070571036164,0.9715155096868415,0.8226874621445807,1.0
250,8.800876144962169,42.68238213399504,1.4213460772600561,4.332506203473944,0.5127362590495244,0.22841842582918256,0.005167307653572391,0.0018315384820627753,0.07188398746294192,0.042796477449233775,0.963471180438666,0.8206354493603655,1.0
251,15.016328156113103,65.16625310173697,1.5380326563122262,4.407775020678245,0.5099711023653595,0.2288256858528273,0.00426724562462798,0.001674185407075826,0.0653241580476012,0.040916810812621086,0.960617893075066,0.8311632730700933,1.0
252,27.127439267224204,81.40777502067827,1.8371166865790522,4.21009098428453,0.49006835975882085,0.2552917378206908,0.003464723357410587,0.001592515740438577,0.05886190072882957,0.03990633709623795,0.9590501029140017,0.8783085089450424,1.0
253,56.12266029470332,107.97187758478081,2.453205894066109,6.203473945409429,0.4678610068411915,0.1709089112627163,0.004276365195846361,0.001505372923367,0.06539392323332774,0.0387991356007708,0.8943042361252285,0.8000127937218167,1.0
254,16.443249701314205,79.03804797353187,1.7343687773795298,5.911497105045494,0.4959694044521061,0.19272553955424485,0.005019411998596062,0.0018284598349434659,0.0708478087070875,0.042760493857572156,0.9400296202256397,0.7006580750674746,1.0
255,35.59099960175227,123.0401157981803,2.385902031063322,6.825889164598844,0.4846014798493871,0.16314501838053236,0.0040282335580871485,0.0011785232208669336,0.06346836659381702,0.03432962599369433,0.9394568995355894,0.7849998285999237,1.0
256,33.11947431302269,100.44871794871791,2.150935882118678,5.868899917287015,0.5451083908874721,0.24546572904652256,0.014966881682365808,0.007043688055054421,0.12233920746173652,0.08392668261676034,0.9273694895138421,0.7806755806607704,1.0
257,10.442453205894065,66.35153019023986,1.6340103544404618,5.79652605459057,0.5075002992335969,0.19171707013112715,0.0057207466755990885,0.0018396626897387324,0.07563561777098861,0.0428912892058368,0.9580179717834891,0.7256017052678398,1.0
258,10.530864197530864,68.33333333333337,1.6276383910792511,5.822994210090983,0.5023674879764517,0.18973443991629857,0.004631790571505288,0.001525127575715905,0.0680572595062811,0.039052881785034826,0.9654967695373149,0.7724028780667568,1.0
259,10.530864197530864,68.33333333333337,1.6276383910792511,5.822994210090983,0.5023674879764517,0.18973443991629857,0.004631790571505288,0.001525127575715905,0.0680572595062811,0.039052881785034826,0.9654967695373149,0.7724028780667568,1.0
260,6.5452011150935885,35.59594706368898,1.3178016726403825,4.466087675765095,0.5398137356072222,0.21880516493392346,0.005455168901596021,0.0017701365756276506,0.07385911522348491,0.04207299104684204,0.9721524831699933,0.840573853387514,1.0
261,23.7510951812027,89.9975186104218,2.1421744324970136,5.703060380479736,0.4528021629569877,0.21192444221814227,0.004155986855763751,0.00169017726850113,0.06446694389967428,0.0411117655726573,0.9604146163140932,0.8524076733149676,1.0
262,62.09040223018718,112.33705541770058,2.3994424532058947,5.812655086848638,0.490898395774937,0.19977133100121727,0.004703716233201551,0.0015752411093802271,0.06858364406475899,0.039689307242382385,0.8887425907021702,0.8020312153539895,1.0
263,22.35324571883712,78.74648469809762,2.0043807248108325,5.776261373035565,0.4612470540032218,0.16758306989914212,0.004110151097813985,0.001521621338718913,0.06411046012792285,0.03900796506764885,0.926017358614236,0.736022126738176,1.0
264,22.043807248108322,84.86476426799004,1.9697331740342496,5.829197684036393,0.46918287900987726,0.1865109102522785,0.004043062773894426,0.001475185078002656,0.0635850829510698,0.03840813817412471,0.9282492658019048,0.7139016909440469,1.0
265,29.333731581043406,102.979735318445,2.117483074472322,5.967328370554176,0.47451676701448764,0.19124955140091335,0.0040540062593564805,0.0012816578993638146,0.06367107867278896,0.035800249990241895,0.9442850240169691,0.8067877323525215,1.0
266,29.359219434488264,103.83374689826304,2.131819992035045,6.0124069478908195,0.47066368581751655,0.18866654998271346,0.003781846533952322,0.0012635280885501012,0.06149671970074763,0.035546140276408365,0.9443432175262507,0.8055591727988088,1.0
267,8.667463162086817,97.00868486352357,1.4249303066507362,7.074028122415218,0.5226082213609378,0.15207274759450606,0.003739182800774165,0.0009421515364843628,0.06114885772256228,0.030694487069901702,0.9820403666698448,0.7996234463763287,1.0
268,8.414177618478693,88.75434243176177,1.439267224213461,6.722911497105045,0.5151140839993518,0.15204626306984065,0.004065901352250019,0.0010360502736233151,0.06376442073954737,0.0321877348321269,0.9788914200784697,0.7825361780324448,1.0
269,17.589804858622056,74.5252274607113,2.1927518916766227,5.785773366418526,0.4314757046539406,0.1888224327593537,0.0033772547743334343,0.0012404382351552763,0.058114152960646634,0.03521985569469694,0.9716136744291954,0.8774255185261246,1.0
270,17.82158502588609,77.990488006617,2.1847869374751094,5.858974358974362,0.4314003420972626,0.17798217803174263,0.0031937531412957816,0.0011417504913862873,0.05651330056982853,0.03378979862896918,0.9725766163514834,0.8774998599713292,1.0
271,29.716447630426135,116.96277915632757,2.003185981680606,6.36641852770885,0.48555834734948533,0.17936211472033903,0.0037332352543273956,0.00126686328959602,0.0611002066635408,0.035593023046603105,0.9461139176626312,0.7922202649629675,1.0
272,4.395858223815211,76.51612903225805,1.2966945440063724,6.573200992555831,0.5308996176946668,0.15200994826965056,0.0047684255385424,0.0011827136016682167,0.0690537872860164,0.03439060339203453,0.9870325545008518,0.7519630776977303,1.0
273,14.969733174034241,95.68320926385448,1.7064914376742335,7.098428453267162,0.5140433776228923,0.1458586168088875,0.005089910249145101,0.0013126154065079862,0.07134360692553399,0.03623003459159246,0.9644869372882385,0.7755734020657976,1.0
274,20.287933094384712,98.56327543424321,2.0856232576662688,6.726220016542598,0.4667557661300824,0.1816204797694651,0.004705778049303098,0.0016855592978221648,0.0685986738159208,0.04105556354286426,0.9553583355090353,0.7884740183722081,1.0
275,20.287933094384712,98.56327543424321,2.0856232576662688,6.726220016542598,0.4667557661300824,0.1816204797694651,0.004705778049303098,0.0016855592978221648,0.0685986738159208,0.04105556354286426,0.9553583355090353,0.7884740183722081,1.0
276,20.135005973715657,100.68775847808105,2.0848267622461174,6.79528535980149,0.4672050092975455,0.18919623933667798,0.004932339918615361,0.0017783463012791432,0.0702306195232205,0.04217044345604091,0.954948381524675,0.7804185097482235,1.0
277,51.65989645559539,157.278329197684,2.9908403026682584,6.062448304383788,0.4382351564064659,0.31690460018510197,0.014894163014476646,0.011972260021167408,0.1220416445910028,0.1094178231421527,0.9358614835871917,0.8078256654359504,1.0
278,59.48506571087217,164.71546732837058,2.996017522899243,6.842018196856905,0.4616342127897267,0.2491974767640723,0.008944396150367295,0.005176146505290826,0.09457481773901177,0.07194544117100699,0.932821365109524,0.8180916271794383,1.0
279,59.48506571087217,164.71546732837058,2.996017522899243,6.842018196856905,0.4616342127897267,0.2491974767640723,0.008944396150367295,0.005176146505290826,0.09457481773901177,0.07194544117100699,0.932821365109524,0.8180916271794383,1.0
280,15.176821983273598,64.66211745244001,1.2676224611708482,4.48014888337469,0.6496591057082886,0.37389164575918593,0.04983560188614936,0.03375976016654798,0.22323888972611686,0.18373829259723728,0.9560080768812552,0.8150386372441754,1.0
281,10.82994822779769,52.50951199338294,1.9354838709677418,5.15963606286187,0.4157880897885972,0.18394125338214706,0.002300669566848916,0.0009735366335062167,0.04796529544211018,0.031201548575450815,0.9843952774911509,0.9213147760780158,1.0
282,17.405017921146943,89.05624483043835,2.164874551971325,6.328370554177008,0.4415891893272975,0.17548422506498776,0.0027682260181842644,0.0010407537622778161,0.05261393368856072,0.032260715464444,0.9770030753762797,0.8838819576283943,1.0
283,9.767821585025887,51.50289495450786,1.720031859816806,4.522746071133168,0.4666947578470736,0.28164638620521143,0.0032671062141392693,0.001544540156162665,0.057158605774977306,0.039300638113937345,0.9830809942217029,0.9113314827699766,1.0
284,38.520509757068915,155.82464846980974,2.9458383114297075,6.08354011579818,0.3872292057883239,0.27705295249116224,0.0025774287281719096,0.0015893515753437313,0.05076838315499037,0.039866672488981715,0.9667662602875933,0.8655668316081012,1.0
285,5.737953006770215,131.99296939619524,1.458383114297093,6.038461538461539,0.5030412563629814,0.20907801217075825,0.004488732254305664,0.0015464215516244654,0.06699800186800844,0.03932456676969837,0.9873276100350217,0.7129011134217992,1.0
286,5.737953006770215,131.99296939619524,1.458383114297093,6.038461538461539,0.5030412563629814,0.20907801217075825,0.004488732254305664,0.0015464215516244654,0.06699800186800844,0.03932456676969837,0.9873276100350217,0.7129011134217992,1.0
287,5.737953006770215,131.99296939619524,1.458383114297093,6.038461538461539,0.5030412563629814,0.20907801217075825,0.004488732254305664,0.0015464215516244654,0.06699800186800844,0.03932456676969837,0.9873276100350217,0.7129011134217992,1.0
288,23.096375945838307,67.404052936311,2.537236160892075,5.482630272952854,0.3992770470173565,0.205549013680676,0.003033803792187335,0.001341349446288212,0.05507997632704044,0.036624437828971686,0.9595860923323672,0.8834492014789649,1.0
289,19.29111907606531,68.04962779156327,2.191955396256472,5.1629445822994215,0.459706381294949,0.22105700221467883,0.003393114898191486,0.001389325030564124,0.0582504497681476,0.03727365062029911,0.9743908098582675,0.9099775029528995,1.0
290,15.697331740342484,66.35401157981802,2.2532855436081243,5.471464019851115,0.44743550364366447,0.2250976594172688,0.0035129381339390627,0.001362130314343554,0.0592700441533416,0.03690704965644848,0.9808127732440951,0.9203587196781609,1.0
291,18.49462365591398,81.29735318444993,2.626841895659099,6.431348221670805,0.3660063889999588,0.19742703463322567,0.0018528589697168385,0.0009551502687658935,0.04304484835281498,0.030905505476628167,0.9759306220678013,0.8938402557664297,1.0
292,30.118677817602556,125.11786600496282,2.751095181202708,7.230355665839536,0.3960631811065585,0.15686670940523345,0.0021322350514764114,0.0008539825037063491,0.04617613075471365,0.02922297903544998,0.965422657869033,0.8546754061496339,1.0
293,16.449621664675426,100.73779983457403,2.182795698924731,7.139784946236559,0.4433022990080928,0.1466636745564711,0.002451737246596854,0.0008512459284891847,0.049515020413979975,0.029176119147158428,0.9735499639225876,0.8376294199090771,1.0
294,16.29589804858622,50.82382133995038,1.6857825567502986,4.997518610421835,0.5025093416257046,0.19861135944971522,0.003970582007863132,0.0013750435286495482,0.06301255436707143,0.03708157937102394,0.9699012974269446,0.9066699030756145,1.0
295,11.85663082437276,71.93672456575683,1.7228195937873354,5.697684036393712,0.5083601396823062,0.20074434178145045,0.005221311375309054,0.0018489841490721985,0.0722586422188312,0.042999815686491014,0.9622109254530404,0.7619303372010313,1.0
296,25.41656710473915,77.60380479735316,2.2528872958980477,5.586435070306039,0.4271567560613982,0.20392939709720753,0.003695805362022394,0.0017061691299264338,0.06079313581336625,0.04130580019714464,0.9422972273820869,0.8243315557636715,1.0
297,20.35921943448825,99.85153019023984,2.1274392672242133,6.490901571546733,0.44237356626434676,0.17629870433914374,0.0037475886664189327,0.0014597063244305693,0.06121755194728823,0.03820610323535455,0.9511660929368372,0.7606089341603626,1.0
298,6.805256869772999,71.0694789081886,1.857427319792912,6.3904052936310975,0.4230413364861826,0.15265693494659274,0.0030014491395169104,0.0011301200467133392,0.05478548292674721,0.03361725816769326,0.9796126218897477,0.7807907337380435,1.0
299,6.973715651135009,71.00082712985943,1.8562325766626846,6.3614557485525225,0.42896087075312034,0.159971453408012,0.0029200867041251077,0.0011123323078017703,0.05403782660438064,0.033351646253247685,0.9803524570449069,0.7940149856663498,1.0
300,21.427718040621272,107.82712985938795,2.1135005973715653,7.112489660876758,0.47787939231807586,0.17287162378647014,0.006149128621005053,0.00307582502611719,0.07841637980042851,0.05546012104311701,0.9774468222996445,0.8883218583353687,1.0
301,19.663878932696118,93.0,2.019115890083632,6.400330851943756,0.4853315039771287,0.1719764894726284,0.005663888131567973,0.001751151585058573,0.07525880766772733,0.04184676313717195,0.9598895567372255,0.8158262188550189,1.0
302,23.39386698526484,87.55376344086022,2.1473516527279957,5.997105045492142,0.4445471816174662,0.17256812532316312,0.003663054206255519,0.0013532364448877697,0.06052317082122779,0.036786362213295426,0.9503784928520705,0.8178062433005944,1.0
303,58.46236559139785,157.71546732837047,2.888490641178813,6.173697270471462,0.39960162743671235,0.2289887532946538,0.002600901711481826,0.0013364749216826382,0.05099903637797312,0.036557829827311115,0.9481844464322695,0.8639379761291675,1.0
304,5.8096375945838306,36.01819685690653,1.711668657905217,4.316790736145576,0.44192001959777666,0.2413303539783165,0.003994292893030917,0.0018858423965283804,0.06320041845613775,0.04342628693001948,0.9764721059768415,0.8549960776767698,1.0
305,4.717642373556352,26.88047973531844,1.626443647949024,3.6406120760959473,0.4438567920691137,0.28485992976339736,0.003871932037466054,0.0021361535109233817,0.06222485064237643,0.046218540770164754,0.9846492363205493,0.9132008551873841,1.0
306,12.929510155316605,43.59346567411083,2.012743926722421,3.921836228287841,0.4459427718442987,0.2860882580795029,0.00491116665326486,0.002964395103993278,0.07007971641826799,0.05444625886131459,0.9436586790579398,0.8103726171560514,1.0
307,32.45798486658701,120.27047146401988,3.006770211071286,7.589743589743589,0.3816291109194371,0.14770692756735804,0.0024170035753477218,0.0009722538638731707,0.04916303057529836,0.03118098561420358,0.9610052622223183,0.858526699295006,1.0
308,33.1457586618877,121.61621174524399,3.0947829549980073,7.55086848635236,0.36995818560564414,0.15218921834059923,0.002257212827477855,0.0010192887504181832,0.04751013394506329,0.03192630185941026,0.961097422812955,0.8589573159525313,1.0
309,8.520509757068899,59.156327543424304,1.5718837116686577,5.397849462365591,0.5008962194877684,0.20313112056634158,0.0036916817298193014,0.001329376929713118,0.060759211069757166,0.03646062163092009,0.9798573959697272,0.8598688691366165,1.0
310,29.50935882118678,93.5694789081886,2.2285941855834333,5.50827129859388,0.4712150791774156,0.2208308922844912,0.003584308691300295,0.0014411489237391743,0.059869096296004794,0.03796246730310313,0.9691591170349012,0.9046070535081285,1.0
311,5.586618876941458,38.51902398676591,1.5029868578255683,4.3668320926385435,0.5029125325426601,0.2690695536778452,0.005240581425796585,0.0023540533125900927,0.07239186021782135,0.04851858728971911,0.9735063890336612,0.8177250818745218,1.0
312,19.94822779769016,76.15260545905707,2.3671843886897643,4.6918941273779975,0.40984795138453983,0.24615026849667582,0.0028240536541646057,0.0014750995600271198,0.05314182584522859,0.038407024878622395,0.9605892023262065,0.8500178100438789,1.0
313,36.590203106332126,109.67080231596361,2.3663878932696143,5.703887510339124,0.4409997632886923,0.20303975390030393,0.0028301598018499567,0.0011998171967754938,0.0531992462526487,0.03463837751361189,0.9497579003006317,0.8517700815670903,1.0
314,42.35165272799682,133.64722911497105,2.663082437275985,6.7241521918941265,0.42019207491417954,0.1781001625842052,0.0028266705746011842,0.0011221668749884554,0.05316644218490818,0.03349875930521092,0.9472592392335079,0.8353095523925949,1.0
315,40.03942652329749,116.51323407775023,2.403424930306652,6.764681555004136,0.44201761949760837,0.16591003843965285,0.003021670797435926,0.0010956563025721758,0.05496972619029429,0.03310069942723531,0.947145740538409,0.8415645225632149,1.0
316,36.021107128634014,106.81803143093465,2.0354440461967345,6.777502067824648,0.45811317052539013,0.1624401116162755,0.0028863839409267477,0.001035964755647778,0.05372507739339933,0.03218640637983337,0.935668345268426,0.8080314737528632,1.0
317,38.268418956591,110.76137303556658,2.9980087614496225,6.1947890818858555,0.36157446205474286,0.19425300730814216,0.0018239142436758942,0.0009341983647594788,0.042707309019369206,0.03056465875418011,0.9610137875005821,0.8894276891147105,1.0
318,18.798088410991642,94.82299421009098,2.2580645161290325,6.572373862696444,0.3821895978970903,0.16738473952264843,0.002059437082967956,0.0008433782747398376,0.0453810211759052,0.02904097578835528,0.9738700909254459,0.8694276737519887,1.0
319,8.239745121465546,78.90901571546732,2.0493827160493816,6.578163771712157,0.3984592897934162,0.15547178701982198,0.0024066944948399885,0.0009830291287907555,0.049058072677592914,0.031353295341809855,0.9838795651321541,0.841810002958867,1.0
320,22.299084030266837,81.35483870967741,2.612903225806451,6.274607113316791,0.3852531071784336,0.17585657986922743,0.002355624896017063,0.0010391289207426237,0.04853478027164708,0.03223552265347382,0.9614017934924527,0.8595838793474782,1.0
321,38.75627240143369,107.28453267162938,3.329749103942654,6.7866004962779165,0.3482770555848002,0.18089144778434557,0.002420096299500042,0.001237445106011503,0.04919447427811422,0.03517733796084495,0.9510688028968303,0.8670355092089059,2.0
322,35.75826363998407,96.10504549214225,2.3516527279968136,5.614557485525223,0.45555037826636,0.2130219263300275,0.0028989134387746086,0.0011323435140772851,0.053841558658480615,0.03365031224338468,0.9648073654094167,0.906678961728576,2.0
323,23.38191955396256,91.55459057071965,2.2899243329350867,5.815136476426799,0.48021613707873695,0.1945288531335562,0.0034310205942122292,0.0011674058840472033,0.05857491437648227,0.03416732187408319,0.9778381010897559,0.9118782414291453,2.0
324,12.141776184786936,186.0769230769231,2.0939864595778577,10.115798180314313,0.4294849269019476,0.10930788638093895,0.0021526946112532964,0.0006425820681804032,0.04639714011933598,0.02534920251566907,0.9883728148496417,0.8181655018961457,2.0
325,87.27439267224213,281.5119933829612,4.270808442851452,9.70140612076096,0.373599106057058,0.17284115408813222,0.0018232798387215726,0.0008094276384518921,0.04269988101530931,0.02845044179713018,0.9436113453119095,0.82042811505585,2.0
326,24.456391875746707,91.07485525227455,2.3361210673038633,6.131100082712984,0.48376190945129394,0.19789414616614126,0.0033257093717947665,0.0010957418205477121,0.05766896367886947,0.03310199118705266,0.9729743165695128,0.900530327371027,2.0
327,30.191955396256468,96.1654259718776,2.5408203902827555,5.794044665012408,0.45978201259177776,0.2119475687004514,0.003192960135102879,0.0013451977551873497,0.056506284031980714,0.03667693764734659,0.9631016395021796,0.8792293771813267,2.0
328,25.93269613699721,92.32795698924735,2.5810434090003973,6.232009925558312,0.42482643692568617,0.18500154979966055,0.0027136671921125705,0.0011296924568356575,0.052092870837693046,0.033610897887971655,0.9612565191589679,0.8609179845835654,2.0
329,12.729191557148546,202.4793217535153,1.8164078056551174,6.91521918941274,0.4876472295301277,0.23634601212545892,0.005127974546404421,0.0019648610059240013,0.07160987743603826,0.044326752711246524,0.97639151467886,0.6306046216999666,2.0
330,12.729191557148546,202.4793217535153,1.8164078056551174,6.91521918941274,0.4876472295301277,0.23634601212545892,0.005127974546404421,0.0019648610059240013,0.07160987743603826,0.044326752711246524,0.97639151467886,0.6306046216999666,2.0
331,19.769812823576274,79.51654259718777,1.9761051373954601,5.50578990901572,0.4832070055606658,0.2099011257355408,0.005333838954081927,0.0018638642768155297,0.07303313600059858,0.04317249444745497,0.9596356543462242,0.8364164647269025,2.0
332,23.20708880923934,118.75558312655085,2.288729589804858,6.9797353184449955,0.4197550343712707,0.1601469827126297,0.0026433275428021145,0.0009016160160801159,0.051413301224509156,0.030026921521862943,0.974601578441946,0.8719050900870154,2.0
333,50.190760653126254,144.0926385442515,3.5424133811230583,7.5028949545078545,0.3712319211282922,0.1597697305491955,0.002298369848889497,0.0010475952003207267,0.04794131672043955,0.03236657535669671,0.9600662667607281,0.8825966785111934,2.0
334,52.28713659896456,148.1091811414391,3.599761051373954,7.60049627791563,0.36433815214598503,0.1565645991987294,0.0026400762174112113,0.0011621037695639478,0.051381671998984337,0.0340896431422206,0.9549297484056044,0.8691985163310056,2.0
335,12.585424133811228,101.35359801488839,2.2039028275587413,6.613316790736146,0.4114644963812218,0.17095160756048308,0.0032147678054077014,0.0012834537768500788,0.05669892243603666,0.03582532312275884,0.9636220658156497,0.705936388220889,2.0
336,24.097172441258465,141.57113316790733,2.682596575069693,7.140198511166251,0.3958735786514555,0.15981342104023927,0.0028376140600632413,0.001156545101154082,0.05326925999169917,0.03400801524867457,0.9677113270768792,0.8153838229412074,2.0
337,34.85902031063321,442.16625310173697,3.3122262046993227,10.588916459884198,0.3613770089306294,0.16195114181459808,0.002476637641053994,0.0011417504913862877,0.04976582804549718,0.033789798628969185,0.9727297298276021,0.6627409793905075,2.0
338,34.486260454002384,441.806451612903,3.2939068100358404,10.575682382133994,0.3627533307293133,0.1582081623035361,0.0025841692808115813,0.0011662941503652298,0.05083472514739881,0.03415104903755124,0.9728456984484662,0.6610309538555182,2.0
339,26.18359219434488,139.24937965260548,2.6702508960573486,6.8043837882547535,0.39953491501668725,0.1727309960109718,0.0033806647009629147,0.001334080418367619,0.05814348373603799,0.036525065617567604,0.9564531239082721,0.77001583274109,2.0
340,24.954599761051384,73.6389578163772,2.197929111907607,4.812655086848634,0.5088469664368009,0.2692193329515854,0.009122743243151085,0.004683049858348025,0.09551305273705309,0.0684328127315254,0.961172146426738,0.8839571402315913,2.0
341,19.88410991636798,91.34987593052111,2.3675826363998405,6.348221670802318,0.4117284937505039,0.18790492935243583,0.002745942544163705,0.0011595382302978551,0.05240174180467387,0.034051993044429206,0.9672682798484834,0.8459411604039532,2.0
342,6.9852648347272,54.12365591397851,1.7220230983671847,5.39578163771712,0.45876407044006506,0.2113719584604826,0.00439055808762433,0.0018569373207970828,0.06626128649237298,0.04309219559035119,0.9742731803128929,0.8007206603924724,2.0
343,10.941855834328948,43.288668320926384,1.8562325766626846,4.957816377171217,0.45636092857099997,0.20842971845075806,0.0036628956050169387,0.0014716788410056641,0.060521860554818854,0.03836246656571582,0.9607548108903851,0.8448208197543547,2.0
344,8.257268020708885,77.11414392059558,1.8383114297092793,6.535980148883374,0.451885785357513,0.17246551099252422,0.002885987437830297,0.0010546076743147106,0.05372138715474776,0.03247472362183719,0.9846334806103344,0.8567604791052235,2.0
345,6.812027080844286,93.09015715467325,1.7805655117483072,7.43424317617866,0.44658605821426384,0.13998144809075994,0.002484805604840891,0.0008296953986540157,0.04984782447450331,0.02880443366313623,0.9889932152741925,0.8485934172166544,2.0
346,82.81083233771405,174.193134822167,2.9414575866188777,6.495037220843674,0.4502427909341636,0.213832935604527,0.004487066941300571,0.001998982678163019,0.06698557263546062,0.04470998409933758,0.9577437039598206,0.9134268211187965,2.0
347,41.77180406212661,511.82630272952844,3.6475507765830333,13.81720430107527,0.3387448532285415,0.12914109929603568,0.0014685681686362564,0.0005564654668152629,0.038321901944400626,0.023589520275225245,0.979224453341467,0.749717925246362,2.0
348,33.83711668657905,242.57733664185275,3.2341696535244924,9.190239867659223,0.3515161248872843,0.13165095821245726,0.0017487372565887322,0.0007105688587318299,0.04181790593261136,0.02665649749557938,0.9699244249143809,0.78601444660474,2.0
349,35.38948626045401,239.1335814722912,3.2262046993229783,9.055004135649295,0.3590218238949304,0.1358379798895772,0.001814715371838225,0.0007496505735519587,0.04259947619206397,0.027379747507089224,0.9679039132414768,0.7854943656815432,2.0
350,23.61210673038629,97.21339950372209,2.592592592592592,6.131513647642679,0.3712983700803315,0.19023775054962902,0.0022131216831524723,0.0010060334642100434,0.047043827258764485,0.03171803058530027,0.9647277509803366,0.8576350032187525,2.0
351,22.641975308641968,239.33870967741927,2.9326961369972113,9.450372208436724,0.35239460687666,0.1423880980178069,0.0016215390632471605,0.0006689216046456103,0.04026833822306503,0.025863518798601444,0.9834673916375307,0.8279708676995112,2.0
352,31.381123058542414,493.24937965260546,3.2401433691756263,14.165012406947891,0.3414420348065757,0.10975044215424952,0.001502350232453906,0.0005268762472796733,0.038760162957009174,0.022953785031660318,0.9858854126932888,0.7812938857195465,2.0
353,41.77180406212661,511.82630272952844,3.6475507765830333,13.81720430107527,0.3387448532285415,0.12914109929603568,0.0014685681686362564,0.0005564654668152629,0.038321901944400626,0.023589520275225245,0.979224453341467,0.749717925246362,2.0
354,54.92433293508563,327.5669975186102,4.0911987256073274,11.442100909842846,0.34134349133576,0.1390879273927153,0.0014096478085035952,0.0005695497170723298,0.03754527678022357,0.023865240771304398,0.9708500773187652,0.8283351331256497,2.0
355,54.30824372759853,317.3937138130684,4.1401831939466325,11.126550868486358,0.3260351271287628,0.1447440311437218,0.001352789264472482,0.0006009348140941834,0.03678028363773833,0.02451397181393059,0.9701254622157087,0.8276078703143374,2.0
356,39.46356033452809,189.2489660876757,3.428514536041417,8.98759305210918,0.35345802867430526,0.1647722998851199,0.0016691987354406045,0.0006961163208661807,0.040855828659330906,0.02638401638996953,0.9794314688246709,0.9036251912951854,2.0
357,51.331740342493,120.75889164598843,3.4002389486260443,6.408188585607943,0.375485752768903,0.1882627014252652,0.0028327767222865357,0.001379319427426367,0.053223836035056094,0.03713918991343736,0.9571311343274487,0.8960021417507056,2.0
358,51.78215850258861,123.65798180314313,3.4157706093189963,6.538875103391233,0.37734015938439,0.18050560624506087,0.0028901903706526804,0.0013771814780379579,0.05376049079624069,0.037110395821628714,0.9575383752267185,0.8956344456999731,2.0
359,8.467542811628832,101.41976840363937,2.074074074074074,7.618279569892472,0.3883953267321638,0.1299659066185137,0.002032712774267139,0.0007677803843656726,0.045085616046219655,0.02770885028949546,0.9875221632546428,0.8515358191036566,2.0
360,6.046196734368776,112.1794871794872,1.7443249701314218,8.37055417700579,0.44100501149372895,0.1148648514833608,0.002458239897378654,0.0007119371463404122,0.04958064034861444,0.026682150332018074,0.9917406947394263,0.8495847959008858,2.0
361,36.35244922341699,115.04218362282869,2.710075667064914,5.688172043010754,0.39691413193601544,0.20431426809063397,0.0022951978241178873,0.0011160950987253717,0.047908222927988964,0.03340800949960012,0.9673181595025888,0.8975808884416051,2.0
362,32.25448028673836,151.2737799834573,2.656710473914775,7.822994210090986,0.3969377747583228,0.1561822243652185,0.0021445266474664003,0.0008113945518892292,0.04630903418844319,0.028484988184818143,0.9735700461326778,0.8742982850771066,2.0
363,49.89526085225007,137.38751033912328,3.6387893269613705,7.503308519437552,0.3387679613024547,0.1566864931077775,0.0017166998063954677,0.0008596266900917502,0.041433076236208524,0.02931939102525409,0.9684573063270849,0.9108855957035302,2.0
364,15.667064914376741,107.70843672456574,2.505774591796097,6.897022332506203,0.369333672482042,0.1529102592931377,0.002332072612087857,0.0009814898052311,0.04829153768609835,0.03132873768971709,0.9672043728124424,0.7733713909159572,2.0
365,15.632019115890088,108.3697270471464,2.499402628434887,6.928866832092637,0.37356411787668026,0.15175176054896453,0.0023593520251237055,0.0009842263804482644,0.048573161572247954,0.031372382447755934,0.9678041979240524,0.7750712074481101,2.0
366,34.25089605734769,168.02770885028949,3.160493827160493,8.050041356492969,0.3691936359374541,0.13549246387711417,0.002479095960251991,0.001027498476069676,0.049790520787113594,0.0320546170788184,0.9631777653379382,0.8221022188662364,2.0
367,34.291517323775366,164.27171215880895,3.1660692951015523,7.905293631100086,0.362925027899576,0.14664375346835407,0.0024486445224445328,0.0009948306094147766,0.049483780397667,0.031540935455607155,0.9629802331893612,0.8255609545390231,2.0
368,30.716845878136198,89.46939619520269,2.673038630027877,5.520678246484694,0.4000801759146362,0.20550270924291136,0.003094627367182961,0.0013888974406864422,0.05562937503857976,0.03726791435922384,0.9536638043734217,0.8643863747400858,2.0
369,30.716845878136198,89.46939619520269,2.673038630027877,5.520678246484694,0.4000801759146362,0.20550270924291136,0.003094627367182961,0.0013888974406864422,0.05562937503857976,0.03726791435922384,0.9536638043734217,0.8643863747400858,2.0
370,19.923934687375557,114.81761786600494,2.3819195539625633,7.507444168734493,0.3886136575680283,0.13223159605898244,0.0019084487038393079,0.0007127923260957764,0.043685795218117614,0.026698170838013912,0.983572054117136,0.9070573066675385,2.0
371,40.939466348068486,385.01240694789084,3.2819593787335712,11.290322580645162,0.38366411251059007,0.1240831985141914,0.0023231116421080582,0.0008249063920239781,0.04819866846820624,0.02872118368076041,0.9743311025031273,0.7642710671973916,2.0
372,11.749103942652331,144.23986765922248,1.5627240143369177,6.884201819685691,0.5210446721727003,0.18017815490071235,0.005348588869269916,0.0015518947020587944,0.07313404726438921,0.03939409476125571,0.9667077242890596,0.5638394826604002,2.0
373,20.032656312226198,75.17121588089333,2.3624054161688566,4.663358147229117,0.40830449546646475,0.24423494931739054,0.002777028386925484,0.00145260833246105,0.05269751784406438,0.03811309922403385,0.960423290881943,0.8520901609733693,2.0
